{"formulas":[],"alert":false,"settings":{"Strockcolor":[],"yAxisSettings":[{"axisName":"default ValueAxis","axisType":"Value"}],"seriesConfig":{"Sprint":{"yAxisName":null,"seriesType":null},"Total":{"yAxisName":null,"seriesType":null},"WIP":{"yAxisName":null,"seriesType":null},"Done":{"yAxisName":null,"seriesType":null}},"thresholdArray":[]},"alerts":[],"_id":"60d0cd76ee2e86003a451139","x":0,"y":34,"w":6,"h":4,"i":"6219","c":"SingleStatChartPanel","variables":[],"moved":false,"config":[{"MetricName":"Enter metric name here","datasource":"jira","DatabaseFormat":"table","document":"","startdate":null,"enddate":null,"steptimeseries":"","DatabaseQuery":"SELECT DISTINCT s.sprintId as Sprint from issues i join issueSprints s ON i.issueId=s.issueId where state =\"active\" LIMIT 1","columnName":"","aggrigation":"SingleStatChartPanel","queryDatadiv":true,"colums":["Sprint"],"seriesColor":"#FF5757FF","ActivateMetricdiv":false,"Activateheaderdiv":true,"yAxisName":null,"seriesType":null,"columName":"Sprint","projectKey":"ted"},{"MetricName":"Enter metric name here","datasource":"jira","document":"","startdate":null,"enddate":null,"steptimeseries":"","DatabaseFormat":"table","query":"","columnName":"","aggrigation":"SingleStatChartPanel","queryDatadiv":true,"colums":["Total"],"seriesColor":"#FF5757FF","ActivateMetricdiv":false,"Activateheaderdiv":true,"yAxisName":null,"seriesType":null,"DatabaseQuery":"\nSELECT count(*) as Total FROM issues i join issueSprints s\n ON i.issueId=s.issueId where state =\"active\" ","columName":"Total","projectKey":"ted"},{"MetricName":"Enter metric name here","datasource":"jira","document":"","startdate":null,"enddate":null,"steptimeseries":"","DatabaseFormat":"table","query":"","columnName":"","aggrigation":"SingleStatChartPanel","queryDatadiv":true,"colums":["WIP"],"seriesColor":"#FF5757FF","ActivateMetricdiv":false,"Activateheaderdiv":true,"yAxisName":null,"seriesType":null,"DatabaseQuery":"\n SELECT count(*) as WIP FROM issues i join issueSprints s\n ON i.issueId=s.issueId where s.state =\"active\" and  i.status IN (\"In Progress\", \"IN QA\",\"Ready FOR QA\")\n \n ","columName":"WIP","projectKey":"ted"},{"MetricName":"Enter metric name here","datasource":"jira","document":"","startdate":null,"enddate":null,"steptimeseries":"","DatabaseFormat":"table","query":"","columnName":"","aggrigation":"SingleStatChartPanel","queryDatadiv":true,"colums":["Done"],"seriesColor":"#FF5757FF","ActivateMetricdiv":false,"Activateheaderdiv":true,"yAxisName":null,"seriesType":null,"DatabaseQuery":"SELECT count(*) as Done FROM issues i join issueSprints s\n ON i.issueId=s.issueId where s.state =\"active\" and  i.status=\"Done\"","columName":"Done","projectKey":"ted"}],"categories":["Devops"],"uniqueName":"17_jira"}