{"formulas":[],"alert":false,"settings":{"Strockcolor":[],"yAxisSettings":[{"axisName":"Duration In minutes","axisType":"Value"}],"seriesConfig":{"duration":{"yAxisName":"Duration In minutes","seriesType":"bar"}},"thresholdArray":[],"chartTitle":"Average Build Duration","chartDescription":"Average Build Duration","areaFill":true},"alerts":[],"_id":"60cb7ec3b6d265003a4e7ecf","x":6,"y":44,"w":6,"h":7,"i":"9271","c":"TrendLinesChart","variables":[],"moved":false,"config":[{"MetricName":"Enter metric name here","datasource":"gitlab","DatabaseFormat":"table","document":"","startdate":null,"enddate":null,"steptimeseries":"","DatabaseQuery":"SELECT ROUND(AVG(time_to_sec((TIMEDIFF(finishedOn,createdOn))) / 60)) AS duration, DATE_FORMAT(createdOn, \"%Y-%m-%d\") AS metric FROM tool_gitlab_ted.jobs WHERE stage='build'\nAND STATUS NOT IN('skipped')\nGROUP BY DATE(createdOn)\nORDER BY createdOn DESC LIMIT 10;","columnName":"","aggrigation":"Trend Chart","queryDatadiv":true,"colums":["duration","metric"],"seriesColor":"#FF5757FF","ActivateMetricdiv":false,"Activateheaderdiv":true,"yAxisName":"Duration In minutes","seriesType":"bar","columName":"duration","projectKey":"ted"}],"categories":["Devops"],"uniqueName":"average_build_duration_gitlab"}