{"formulas":[],"alert":false,"settings":{"Strockcolor":["#40FF00FF","#FF0000FF"],"yAxisSettings":[{"axisName":"default ValueAxis","axisType":"Value"}],"seriesConfig":{"Fixed":{"yAxisName":null,"seriesType":null},"undefined":{"yAxisName":null,"seriesType":null}},"thresholdArray":[],"chartTitle":"Bugs Fixed vs Reopened"},"alerts":[],"_id":"60d1d8c10257900039589952","x":3,"y":20,"w":3,"h":7,"i":"4927","c":"Piechart","variables":[],"moved":false,"config":[{"MetricName":"Enter metric name here","datasource":"jira","DatabaseFormat":"table","document":"","startdate":null,"enddate":null,"steptimeseries":"","DatabaseQuery":"\t(select count(*) as Fixed from issues where status=\"Done\" and issueType=\"Bug\")\n\t","columnName":"","aggrigation":"Count","queryDatadiv":true,"colums":["Fixed"],"seriesColor":"#40FF00FF","ActivateMetricdiv":false,"Activateheaderdiv":true,"yAxisName":null,"seriesType":null,"columName":"Fixed","projectKey":"ted"},{"MetricName":"Enter metric name here","datasource":"jira","document":"","startdate":null,"enddate":null,"steptimeseries":"","DatabaseFormat":"table","query":"","columnName":"","aggrigation":"Count","queryDatadiv":true,"colums":["Reopened"],"seriesColor":"#FF0000FF","ActivateMetricdiv":false,"Activateheaderdiv":true,"yAxisName":null,"seriesType":null,"DatabaseQuery":"select count(*) as Reopened from issueDetails id join issues i on i.issueKey=id.issueKey where field IN (\"status\") and _to=\"In Progress\"\n\t and _from Not In (\"TO DO\") and i.issueType=\"Bug\"","columName":"Reopened","projectKey":"ted"}],"categories":["Devops","Project Management"],"uniqueName":"bugs_fixed_vs_reopened_jira"}