{"formulas":[],"alert":false,"settings":{"Strockcolor":[],"yAxisSettings":[{"axisName":"default ValueAxis","axisType":"Value"}],"seriesConfig":{"undefined":{"yAxisName":null,"seriesType":null}},"thresholdArray":[],"chartTitle":"Bugs By Priority"},"alerts":[],"_id":"60d6c4f34d64a00039c0d935","x":0,"y":0,"w":4,"h":7,"i":"846","c":"Piechart","variables":[],"moved":false,"config":[{"MetricName":"Enter metric name here","datasource":"jira","DatabaseFormat":"table","document":"","startdate":null,"enddate":null,"steptimeseries":"","DatabaseQuery":" select count(*) as issues,priority from  issues where issueType=\"Bug\" group by priority","columnName":"","aggrigation":"PieChart","queryDatadiv":true,"colums":["Series"],"seriesColor":"#FF5757FF","ActivateMetricdiv":false,"Activateheaderdiv":true,"yAxisName":null,"seriesType":null,"columName":"Series","projectKey":"ted"}],"categories":["QA"],"uniqueName":"bugs_by_priority_jira"}