{"formulas":[],"alert":false,"settings":{"Strockcolor":[],"yAxisSettings":[{"axisName":"count","axisType":"Value"}],"seriesConfig":{"tickets":{"yAxisName":null,"seriesType":"line"}},"thresholdArray":[],"chartTitle":"Bugs By Release","xaxisDiscription":"Release"},"alerts":[],"_id":"60d6dba33a8d15003d7b769c","x":5,"y":14,"w":4,"h":8,"i":"7094","c":"TrendLinesChart","variables":[],"moved":false,"config":[{"MetricName":"Enter metric name here","datasource":"jira","DatabaseFormat":"table","document":"","startdate":null,"enddate":null,"steptimeseries":"","DatabaseQuery":"\n \n SELECT count(*) as tickets,ir.releaseName as metric FROM issueReleases ir join issues i on i.issueKey=ir.issueKey where issueType=\"Bug\" and releaseName is not Null and released=1\ngroup by ir.releaseName ;","columnName":"","aggrigation":"Trend Chart","queryDatadiv":true,"colums":["tickets"],"seriesColor":"#FF5757FF","ActivateMetricdiv":false,"Activateheaderdiv":true,"yAxisName":null,"seriesType":"line","columName":"tickets","projectKey":"ted"}],"categories":["QA","Project Management"],"uniqueName":"bugs_by_release_jira"}