{"formulas":[],"alert":false,"settings":{"Strockcolor":[],"yAxisSettings":[{"axisName":"default ValueAxis","axisType":"Value"}],"seriesConfig":{"Series":{"yAxisName":null,"seriesType":null}},"thresholdArray":[],"chartTitle":"Bugs By Status"},"alerts":[],"_id":"60d1e71bf1fb8f003952dc5f","x":0,"y":27,"w":3,"h":7,"i":"6949","c":"Piechart","variables":[],"moved":false,"config":[{"MetricName":"Enter metric name here","datasource":"jira","DatabaseFormat":"table","document":"","startdate":null,"enddate":null,"steptimeseries":"","DatabaseQuery":"         select count(*) as issues,status from  issues where issueType=\"Bug\" group by status","columnName":"","aggrigation":"PieChart","queryDatadiv":true,"colums":["Series"],"seriesColor":"#FF5757FF","ActivateMetricdiv":false,"Activateheaderdiv":true,"yAxisName":null,"seriesType":null,"columName":"Series","projectKey":"ted"}],"categories":["Devops","Project Management"],"uniqueName":"bugs_by_status_jira"}