{"formulas":[],"alert":false,"settings":{"Strockcolor":["#EA2121FF"],"yAxisSettings":[{"axisName":"Count","axisType":"Value"}],"seriesConfig":{"Failure":{"yAxisName":"Count","seriesType":"line"}},"thresholdArray":[],"chartTitle":"Build Failure Rate","chartDescription":"Build Failure Rate","areaFill":true},"alerts":[],"_id":"60cf8944ef69d5003acd2313","x":6,"y":35,"w":6,"h":9,"i":"3425","c":"TrendLinesChart","variables":[],"moved":false,"config":[{"MetricName":"Enter metric name here","datasource":"gitlab","DatabaseFormat":"table","document":"","startdate":null,"enddate":null,"steptimeseries":"","DatabaseQuery":"SELECT count(pipelineId) as Failure,ref as metric \nFROM pipelines where status=\"failed\" group by ref;","columnName":"","aggrigation":"Trend Chart","queryDatadiv":true,"colums":["Failure","metric"],"seriesColor":"#EA2121FF","ActivateMetricdiv":false,"Activateheaderdiv":true,"yAxisName":"Count","seriesType":"line","columName":"Failure","projectKey":"ted"}],"categories":["Devops"],"uniqueName":"build_failure_rate_gitlab"}