{"formulas":[],"alert":false,"settings":{"Strockcolor":["#22954AFF"],"yAxisSettings":[{"axisName":"Coverage (In %)","axisType":"Value","axisMin":"0"}],"seriesConfig":{"CodeCoverage":{"yAxisName":"Coverage (In %)","seriesType":"line"}},"thresholdArray":[],"chartTitle":"Code Coverage Trend By Date Range","chartDescription":"Code Coverage Trend By Date Range","areaFill":true,"datetimeAxis":false},"alerts":[],"_id":"60cb853cb6d265003a4e7f10","x":6,"y":0,"w":6,"h":7,"i":"4346","c":"TrendLinesChart","variables":[{"customValues":["TED-Backend","TED-UI"],"lableName":"Application","selectedVariable":"query","selectedVariableDatasource":"sonarqube","variableRegex":"","variableQuery":"SELECT projectname FROM projects ORDER BY projectName ASC;","includeAllOption":false,"multiValue":false,"variableCollectionName":"table","showInChart":true,"index":0,"projectKey":"ted"}],"moved":false,"config":[{"MetricName":"Enter metric name here","datasource":"sonarqube","DatabaseFormat":"table","document":"","startdate":null,"enddate":null,"steptimeseries":"","DatabaseQuery":"SELECT value as CodeCoverage, DATE_FORMAT(created, \"%Y-%m-%d\") AS metric FROM metrichistory\n WHERE metricname='coverage'  AND projectKey IN($Application$) and $_timeFilter(created)\n GROUP BY DATE(created)\n ORDER BY created DESC","columnName":"","aggrigation":"Trend Chart","queryDatadiv":true,"colums":["CodeCoverage","metric"],"seriesColor":"#22954AFF","ActivateMetricdiv":false,"Activateheaderdiv":true,"yAxisName":"Coverage (In %)","seriesType":"line","projectKey":"ted","columName":"CodeCoverage"}],"categories":["Devops"],"uniqueName":"code_coverage_trend_by_date_range_sonarqube"}