{"formulas":[],"alert":false,"settings":{"Strockcolor":[],"yAxisSettings":[{"axisName":"default ValueAxis","axisType":"Value"}],"seriesConfig":{"undefined":{"yAxisName":null,"seriesType":null}},"thresholdArray":[],"chartTitle":"Code Coverage","chartDescription":"Code Coverage"},"alerts":[],"_id":"60cb1755b6d265003a4e7e99","x":3,"y":38,"w":3,"h":5,"i":"1184","c":"ProgressChart","variables":[{"customValues":["TED-Backend","TED-UI"],"lableName":"Application","selectedVariable":"query","selectedVariableDatasource":"sonarqube","variableRegex":"","variableQuery":"select projectKey from projects;","includeAllOption":false,"multiValue":false,"variableCollectionName":"table","showInChart":true,"index":0,"projectKey":"ted"}],"moved":false,"config":[{"MetricName":"Enter metric name here","datasource":"sonarqube","DatabaseFormat":"table","document":"","startdate":null,"enddate":null,"steptimeseries":"","DatabaseQuery":"select value from metrichistory where metricname='coverage' AND projectKey IN ($Application$)  order by id DESC LIMIT 1","columnName":"","aggrigation":"Progress","queryDatadiv":false,"colums":["value"],"seriesColor":"#FF5757FF","ActivateMetricdiv":false,"Activateheaderdiv":true,"yAxisName":null,"seriesType":null,"columName":"value","projectKey":"ted"}],"categories":["Devops","Project Management"],"uniqueName":"code_coverage_sonarqube"}