{"formulas":[],"alert":false,"settings":{"Strockcolor":[],"yAxisSettings":[{"axisName":"Count","axisType":"Value"}],"seriesConfig":{"total":{"yAxisName":"Count","seriesType":"line"}},"thresholdArray":[],"chartTitle":"Commits Per Day","chartDescription":"Commits Per Day","areaFill":true},"alerts":[],"_id":"60cf779e56f6020039266ded","x":6,"y":18,"w":6,"h":7,"i":"2292","c":"TrendLinesChart","variables":[],"moved":false,"config":[{"MetricName":"Enter metric name here","datasource":"gitlab","DatabaseFormat":"table","document":"","startdate":null,"enddate":null,"steptimeseries":"","DatabaseQuery":"SELECT COUNT(*) AS total, DATE_FORMAT(committedDate, \"%Y-%m-%d\") AS metric FROM commits\nGROUP BY DATE(committedDate)\nORDER BY committedDate DESC LIMIT 10;","columnName":"","aggrigation":"Trend Chart","queryDatadiv":true,"colums":["total"],"seriesColor":"#FF5757FF","ActivateMetricdiv":false,"Activateheaderdiv":true,"yAxisName":"Count","seriesType":"line","columName":"total","projectKey":"ted"}],"categories":["Devops","Project Management"],"uniqueName":"commits_per_day_gitlab"}