{"formulas":[],"alert":false,"settings":{"Strockcolor":["#C289DAFF"],"yAxisSettings":[{"axisName":"count","axisType":"Value"}],"seriesConfig":{"commitsCount":{"yAxisName":"count","seriesType":"bar"}},"thresholdArray":[],"chartTitle":"Commits Trend By Author","chartDescription":"Commits Trend By Author","areaFill":true},"alerts":[],"_id":"60d1e49d4f9262003bb1f72c","x":0,"y":51,"w":4,"h":9,"i":"4130","c":"TrendLinesChart","variables":[],"moved":false,"config":[{"MetricName":"Enter metric name here","datasource":"gitlab","DatabaseFormat":"table","document":"","startdate":null,"enddate":null,"steptimeseries":"","DatabaseQuery":"SELECT count(*) as commitsCount, committerName as metric FROM commits group by committerEmail order by commitsCount DESC LIMIT 7;","columnName":"","aggrigation":"Trend Chart","queryDatadiv":true,"colums":["commitsCount","metric"],"seriesColor":"#C289DAFF","ActivateMetricdiv":false,"Activateheaderdiv":true,"yAxisName":"count","seriesType":"bar","columName":"commitsCount","projectKey":"ted"}],"categories":["Project Management"],"uniqueName":"commits_trend_by_author_gitlab"}