{"formulas":[],"alert":false,"settings":{"Strockcolor":["#1F7D42FF"],"yAxisSettings":[{"axisName":"Coverage (In %)","axisType":"Value"}],"seriesConfig":{"CodeCoverage":{"yAxisName":"Coverage (In %)","seriesType":"line"}},"thresholdArray":[],"areaFill":true,"chartTitle":"Coverage Trend","chartDescription":"Coverage Trend"},"alerts":[],"_id":"60d1df4d902119003942bef5","x":0,"y":42,"w":5,"h":9,"i":"730","c":"TrendLinesChart","variables":[{"customValues":["TED-Backend","TED-UI"],"lableName":"Application","selectedVariable":"query","selectedVariableDatasource":"sonarqube","variableRegex":"","variableQuery":"SELECT projectKey FROM projects ORDER BY projectName ASC;","includeAllOption":false,"multiValue":false,"variableCollectionName":"table","showInChart":true,"index":0,"projectKey":"ted"}],"moved":false,"config":[{"MetricName":"Enter metric name here","datasource":"sonarqube","DatabaseFormat":"table","document":"","startdate":null,"enddate":null,"steptimeseries":"","DatabaseQuery":"SELECT value as CodeCoverage, DATE_FORMAT(created, \"%Y-%m-%d\") AS metric FROM metrichistory\n WHERE metricname='coverage'  AND projectKey IN($Application$) \n GROUP BY DATE(created)\n ORDER BY created DESC LIMIT 20;","columnName":"","aggrigation":"Trend Chart","queryDatadiv":true,"colums":["CodeCoverage"],"seriesColor":"#1F7D42FF","ActivateMetricdiv":false,"Activateheaderdiv":true,"yAxisName":"Coverage (In %)","seriesType":"line","projectKey":"ted","columName":"CodeCoverage"}],"categories":["Project Management"],"uniqueName":"coverage_trend_sonarqube"}