{"formulas":[],"alert":false,"settings":{"Strockcolor":[],"yAxisSettings":[{"axisName":"default ValueAxis","axisType":"Value"}],"seriesConfig":{"undefined":{"yAxisName":null,"seriesType":null}},"thresholdArray":[],"chartTitle":"Current Sprint Features "},"alerts":[],"_id":"60d5b1689877fb00395d308b","x":0,"y":36,"w":8,"h":6,"i":"2322","c":"TablerChart","variables":[],"moved":false,"config":[{"MetricName":"Enter metric name here","datasource":"jira","DatabaseFormat":"table","document":"","startdate":null,"enddate":null,"steptimeseries":"","DatabaseQuery":"SELECT i.issueKey,issueSummary,i.created,i.updated from issues i join issueSprints s ON i.issueId=s.issueId where state =\"active\" and issueType=\"Story\"","columnName":"","aggrigation":"TabularData","queryDatadiv":true,"colums":["Apply"],"seriesColor":"#FF5757FF","ActivateMetricdiv":false,"Activateheaderdiv":true,"yAxisName":null,"seriesType":null,"columName":"Apply","projectKey":"ted"}],"categories":["Project Management"],"uniqueName":"current_sprint_features_jira"}