{"formulas":[],"alert":false,"settings":{"Strockcolor":[],"yAxisSettings":[{"axisName":"default ValueAxis","axisType":"Value"}],"seriesConfig":{"tickets":{"yAxisName":null,"seriesType":"bar"}},"thresholdArray":[],"xLabel":"truncate","chartTitle":"Customer Tickets"},"alerts":[],"_id":"60d195442ef7430039a95c41","x":0,"y":38,"w":3,"h":6,"i":"373","c":"TrendLinesChart","variables":[],"moved":false,"config":[{"MetricName":"Enter metric name here","datasource":"jira","DatabaseFormat":"table","document":"","startdate":null,"enddate":null,"steptimeseries":"","DatabaseQuery":"SELECT count(*) as tickets,ir.releaseName as metric FROM issueReleases ir join issues i on i.issueKey=ir.issueKey where issueType=\"Bug\" and releaseName is not Null and released=1\ngroup by ir.releaseName ;\n","columnName":"","aggrigation":"Trend Chart","queryDatadiv":true,"colums":["tickets","metric"],"seriesColor":"#FF5757FF","ActivateMetricdiv":false,"Activateheaderdiv":true,"yAxisName":null,"seriesType":"bar","columName":"tickets","projectKey":"ted"}],"categories":["Devops"],"uniqueName":"customer_tickets_jira"}