{"formulas":[],"alert":false,"settings":{"Strockcolor":[],"yAxisSettings":[{"axisName":"default ValueAxis","axisType":"Value"}],"seriesConfig":{"undefined":{"yAxisName":null,"seriesType":null}},"thresholdArray":[],"postfix":" Days","chartTitle":"Cycle Time"},"alerts":[],"_id":"60d2256114de0100395368f8","x":0,"y":14,"w":3,"h":6,"i":"320","c":"StatChart","variables":[],"moved":false,"config":[{"MetricName":"Enter metric name here","datasource":"jira","DatabaseFormat":"table","document":"","startdate":null,"enddate":null,"steptimeseries":"","DatabaseQuery":" \n SELECT if(avg(datediff(i2.created, i1.created))!=null,0,avg(datediff(i2.created, i1.created))) as cycleTime\n FROM issueDetails i1 JOIN issueDetails i2 ON i1.issueKey= i2.issueKey  JOIN \n issues id ON id.issueKey= i1.issueKey \n where  i1._from='To Do'  and  i2._to='IN QA' ;","columnName":"","aggrigation":"Count","queryDatadiv":true,"colums":["cycleTime"],"seriesColor":"#FF5757FF","ActivateMetricdiv":false,"Activateheaderdiv":true,"yAxisName":null,"seriesType":null,"columName":"cycleTime","projectKey":"ted"}],"categories":["Devops","Project Management"],"uniqueName":"cycle_time_jira"}