{"formulas":[],"alert":false,"settings":{"Strockcolor":[],"yAxisSettings":[{"axisName":"Count","axisType":"Value"}],"seriesConfig":{"bugs":{"yAxisName":null,"seriesType":"line"}},"thresholdArray":[],"datetimeAxis":false,"legendPosition":"bottom","chartTitle":"Defect Density","xaxisDiscription":"Date"},"alerts":[],"_id":"60d48d13238f9b003a2a81b8","x":0,"y":0,"w":6,"h":7,"i":"5842","c":"TrendLinesChart","variables":[],"moved":false,"config":[{"MetricName":"Enter metric name here","datasource":"jira","DatabaseFormat":"table","document":"","startdate":null,"enddate":null,"steptimeseries":"","DatabaseQuery":"\t\tSELECT x.metric_date as metric     , @running:= @running+x.bugs bugs  FROM   \n\t( select date_format(d.date,\"%Y-%m-%d\") as metric_date,count(*) as bugs \n\tfrom dates d left join issues ji \n\ton date(d.date)=date(ji.updated) where ji.issueType=\"Bug\" and ji.status=\"To DO\"\n\t group by metric_date order by metric_date ) x    ,( SELECT @running:=0) vals\n\t \n","columnName":"","aggrigation":"Trend Chart","queryDatadiv":true,"colums":["metric","bugs"],"seriesColor":"#FF5757FF","ActivateMetricdiv":false,"Activateheaderdiv":true,"yAxisName":null,"seriesType":"line","columName":"bugs","projectKey":"ted"}],"categories":["Devops","QA","Project Management"],"uniqueName":"defect_density_jira"}