{"formulas":[],"alert":false,"settings":{"Strockcolor":[],"yAxisSettings":[{"axisName":"default ValueAxis","axisType":"Value"}],"seriesConfig":{"undefined":{"yAxisName":null,"seriesType":null}},"thresholdArray":[],"chartTitle":"Defects Leakage"},"alerts":[],"_id":"60d1f701578b87003af832f5","x":3,"y":14,"w":3,"h":6,"i":"4880","c":"StatChart","variables":[],"moved":false,"config":[{"MetricName":"Enter metric name here","datasource":"jira","DatabaseFormat":"table","document":"","startdate":null,"enddate":null,"steptimeseries":"","DatabaseQuery":"\n SELECT  ROUND(X.Accepted/(X.Accepted+Y.Test)*100,2) AS \"Leakage\" FROM(\n  (SELECT count(*) as \"Accepted\" FROM issueDetails\n id JOIN issues i ON i.issueKey=id.issueKey WHERE FIELD=\"status\" AND _to IN (\"In Progress\") AND _from!=\"IN QA\" AND status=\"Done\"\n\t AND i.issueType IN (\"Bug\")) X,(SELECT COUNT(*) AS \"Test\" FROM issueDetails id\n\t JOIN issues i ON i.issueKey=id.issueKey WHERE FIELD=\"status\" AND _to=\"IN QA\" AND status=\"Done\" AND i.issueType IN (\"Bug\") )Y)             ","columnName":"","aggrigation":"Count","queryDatadiv":true,"colums":["Leakage"],"seriesColor":"#FF5757FF","ActivateMetricdiv":false,"Activateheaderdiv":true,"yAxisName":null,"seriesType":null,"columName":"Leakage","projectKey":"ted"}],"categories":["Devops","QA","Project Management"],"uniqueName":"defects_leakage_jira"}