{"formulas":[],"alert":false,"settings":{"Strockcolor":[],"yAxisSettings":[{"axisName":"default ValueAxis","axisType":"Value"}],"seriesConfig":{"DefectEscaperate":{"yAxisName":null,"seriesType":null}},"thresholdArray":[],"chartTitle":"Defects Escape Rate"},"alerts":[],"_id":"60d0c9d0372bb10039d58531","x":3,"y":51,"w":3,"h":6,"i":"9106","c":"StatChart","variables":[],"moved":false,"config":[{"MetricName":"Enter metric name here","datasource":"jira","DatabaseFormat":"table","document":"","startdate":null,"enddate":null,"steptimeseries":"","DatabaseQuery":"select (postDeploy-preDeploy)\tas DefectEscaperate from(\n(SELECT count(*) as postDeploy FROM issueReleases ir join issues i on i.issueKey=ir.issueKey where released=1 and i.issueType=\"Bug\" and releaseDate < created)t1,\n(SELECT count(*) as preDeploy FROM issueReleases ir join issues i on i.issueKey=ir.issueKey where released=1 and i.issueType=\"Bug\" and releaseDate > created)t2\n)","columnName":"","aggrigation":"Count","queryDatadiv":true,"colums":["DefectEscaperate"],"seriesColor":"#FF5757FF","ActivateMetricdiv":false,"Activateheaderdiv":true,"yAxisName":null,"seriesType":null,"columName":"DefectEscaperate","projectKey":"ted"}],"categories":["Devops","QA","Project Management"],"uniqueName":"defects_escape_rate_jira"}