{"formulas":[],"alert":false,"settings":{"Strockcolor":["#0013FFFF"],"yAxisSettings":[{"axisName":"Count","axisType":"Value"}],"seriesConfig":{"total":{"yAxisName":"Count","seriesType":"line"}},"thresholdArray":[],"chartTitle":"Deployement Frequency","chartDescription":"Deployement Frequency","areaFill":true},"alerts":[],"_id":"60cb7a42b6d265003a4e7ebe","x":0,"y":57,"w":6,"h":7,"i":"4952","c":"TrendLinesChart","variables":[],"moved":false,"config":[{"MetricName":"Enter metric name here","datasource":"gitlab","DatabaseFormat":"table","document":"","startdate":null,"enddate":null,"steptimeseries":"","DatabaseQuery":"SELECT COUNT(*) AS total, DATE_FORMAT(createdOn, \"%Y-%m-%d\") AS metric FROM jobs WHERE stage='build'\nGROUP BY DATE(createdOn)\nORDER BY createdOn DESC LIMIT 10;","columnName":"","aggrigation":"Trend Chart","queryDatadiv":true,"colums":["total","metric"],"seriesColor":"#0013FFFF","ActivateMetricdiv":false,"Activateheaderdiv":true,"yAxisName":"Count","seriesType":"line","columName":"total","projectKey":"ted"}],"categories":["Devops"],"uniqueName":"deployement_frequency_gitlab"}