{"formulas":[],"alert":false,"settings":{"Strockcolor":[],"yAxisSettings":[{"axisName":"count","axisType":"Value"}],"seriesConfig":{"total":{"yAxisName":"default ValueAxis","seriesType":"line"}},"thresholdArray":[],"chartTitle":"Deployment frequency","chartDescription":"Deployment frequency","areaFill":true},"alerts":[],"_id":"60d1d7a2a49db000393d033a","x":8,"y":24,"w":4,"h":7,"i":"316","c":"TrendLinesChart","variables":[],"moved":false,"config":[{"MetricName":"Enter metric name here","datasource":"gitlab","DatabaseFormat":"table","document":"","startdate":null,"enddate":null,"steptimeseries":"","DatabaseQuery":"SELECT COUNT(*) AS total, DATE_FORMAT(createdOn, \"%Y-%m-%d\") AS metric FROM jobs WHERE stage='build'\nGROUP BY DATE(createdOn)\nORDER BY createdOn DESC LIMIT 10;","columnName":"","aggrigation":"Trend Chart","queryDatadiv":true,"colums":["total"],"seriesColor":"#FF5757FF","ActivateMetricdiv":false,"Activateheaderdiv":true,"yAxisName":"default ValueAxis","seriesType":"line","columName":"total","projectKey":"ted"}],"categories":["Project Management"],"uniqueName":"deployment_frequency_gitlab"}