{"formulas":[],"alert":false,"settings":{"Strockcolor":[],"yAxisSettings":[{"axisName":"default ValueAxis","axisType":"Value"}],"seriesConfig":{"undefined":{"yAxisName":null,"seriesType":null}},"thresholdArray":[],"chartTitle":"Deploy List By Environment Wise","chartDescription":"Deploy By Environment Wise"},"alerts":[],"_id":"60cf8664ef1d230039a48e1e","x":6,"y":25,"w":6,"h":10,"i":"829","c":"TablerChart","variables":[],"moved":false,"config":[{"MetricName":"Enter metric name here","datasource":"gitlab","DatabaseFormat":"table","document":"","startdate":null,"enddate":null,"steptimeseries":"","DatabaseQuery":"SELECT ref AS environment, DATE_FORMAT(createdOn, '%D-%M') AS 'lastBuildDate', status, COUNT(*) AS count FROM pipelines GROUP BY ref\nORDER BY createdOn DESC;","columnName":"","aggrigation":"TabularData","queryDatadiv":true,"colums":["Apply"],"seriesColor":"#FF5757FF","ActivateMetricdiv":false,"Activateheaderdiv":true,"yAxisName":null,"seriesType":null,"columName":"Apply","projectKey":"ted"}],"categories":["Devops","Project Management"],"uniqueName":"deploy_list_by_environment_wise_gitlab"}