{"formulas":[],"alert":false,"settings":{"Strockcolor":[],"yAxisSettings":[{"axisName":"default ValueAxis","axisType":"Value"}],"seriesConfig":{"Fixed":{"yAxisName":null,"seriesType":"line"},"Reopened":{"yAxisName":null,"seriesType":"line"}},"thresholdArray":[],"chartTitle":"Fixed Vs Reopened Date Range","legendPosition":"bottom","areaFill":true,"datetimeAxis":false},"alerts":[],"_id":"60d2d2b4d864c8003b416d54","x":0,"y":7,"w":6,"h":7,"i":"7915","c":"TrendLinesChart","variables":[],"moved":false,"config":[{"MetricName":"Enter metric name here","datasource":"jira","document":"","startdate":null,"enddate":null,"steptimeseries":"","DatabaseFormat":"table","query":"","columnName":"","aggrigation":"Trend Chart","queryDatadiv":true,"colums":["Fixed","metric"],"seriesColor":"#FF5757FF","ActivateMetricdiv":false,"Activateheaderdiv":true,"yAxisName":null,"seriesType":"line","DatabaseQuery":" select count(*)as Fixed,DATE_FORMAT(updated,\"%d-%m-%Y\") as metric from issues where  issueType=\"Bug\" \n and status=\"Done\" and $_timeFilter(updated)\n group by date(updated);\n ","columName":"Fixed","projectKey":"ted"},{"MetricName":"Enter metric name here","datasource":"jira","document":"","startdate":null,"enddate":null,"steptimeseries":"","DatabaseFormat":"table","query":"","columnName":"","aggrigation":"Trend Chart","queryDatadiv":true,"colums":["Reopened","metric"],"seriesColor":"#FF5757FF","ActivateMetricdiv":false,"Activateheaderdiv":true,"yAxisName":null,"seriesType":"line","DatabaseQuery":"\n select count(*) as Reopened,DATE_FORMAT(updated,\"%d-%m-%Y\") as metric from issueDetails id join issues i on i.issueKey=id.issueKey where field IN (\"status\") and _to=\"In Progress\"\n\t and _from Not In (\"TO DO\") and i.issueType=\"Bug\" and $_timeFilter(updated) group by date(i.updated)","columName":"Reopened","projectKey":"ted"}],"categories":["Devops"],"uniqueName":"fixed_vs_reopened_date_range_jira"}