{"formulas":[],"alert":false,"settings":{"Strockcolor":[],"yAxisSettings":[{"axisName":"default ValueAxis","axisType":"Value"}],"seriesConfig":{"undefined":{"yAxisName":null,"seriesType":null}},"thresholdArray":[],"chartTitle":"Last 5 Builds ","chartDescription":"Last 5 Builds "},"alerts":[],"_id":"60cf83bfaa8581003991b5f3","x":0,"y":64,"w":6,"h":8,"i":"372","c":"TablerChart","variables":[],"moved":false,"config":[{"MetricName":"Enter metric name here","datasource":"gitlab","DatabaseFormat":"table","document":"","startdate":null,"enddate":null,"steptimeseries":"","DatabaseQuery":"SELECT metric AS jobId, (CASE \n\t WHEN duration > 24 THEN CONCAT(round(duration/24), 'd ago')\n    ELSE CONCAT(duration, 'h ago') END) AS lastBuild,  status FROM (\nSELECT NOW(),finishedOn, round(time_to_sec(timediff(NOW(), finishedOn )) / 3600) AS duration, \njobId AS  metric, status\nFROM jobs WHERE stage='build' AND STATUS NOT IN('skipped')\nORDER BY createdOn DESC LIMIT 5) AS a1;","columnName":"","aggrigation":"TabularData","queryDatadiv":true,"colums":["Apply"],"seriesColor":"#FF5757FF","ActivateMetricdiv":false,"Activateheaderdiv":true,"yAxisName":null,"seriesType":null,"columName":"Apply","projectKey":"ted"}],"categories":["Devops"],"uniqueName":"last_5_builds_gitlab"}