{"formulas":[],"alert":false,"settings":{"Strockcolor":[],"yAxisSettings":[{"axisName":"default ValueAxis","axisType":"Value"}],"seriesConfig":{"LeadTime":{"yAxisName":null,"seriesType":null}},"thresholdArray":[],"chartTitle":"Lead Time","postfix":" days"},"alerts":[],"_id":"60d0cb19979bc5003f790ad2","x":0,"y":44,"w":3,"h":7,"i":"3924","c":"StatChart","variables":[],"moved":false,"config":[{"MetricName":"Enter metric name here","datasource":"jira","DatabaseFormat":"table","document":"","startdate":null,"enddate":null,"steptimeseries":"","DatabaseQuery":"select avg(leadTime) as LeadTime from(SELECT DATEDIFF ( id1.created, id.created) as leadTime FROM issueDetails id\n  join\n issueDetails id1  on id.issueKey=id1.issueKey where id1._to=\"Done\" and id._from=\"In Progress\" \n )t1 where t1.leadTime>=0;","columnName":"","aggrigation":"Count","queryDatadiv":true,"colums":["LeadTime"],"seriesColor":"#FF5757FF","ActivateMetricdiv":false,"Activateheaderdiv":true,"yAxisName":null,"seriesType":null,"columName":"LeadTime","projectKey":"ted"}],"categories":["Devops","Project Management"],"uniqueName":"lead_time_jira"}