{"formulas":[],"alert":false,"settings":{"Strockcolor":[],"yAxisSettings":[{"axisName":"default ValueAxis","axisType":"Value"}],"seriesConfig":{"undefined":{"yAxisName":null,"seriesType":null}},"thresholdArray":[],"chartTitle":"Lines Of Code","chartDescription":"Lines Of Code"},"alerts":[],"_id":"60cf69a29067a500398c1cfd","x":3,"y":43,"w":3,"h":4,"i":"6184","c":"SingleStatChartPanel","variables":[{"customValues":["TED-Backend","TED-UI"],"lableName":"Application","selectedVariable":"query","selectedVariableDatasource":"sonarqube","variableRegex":"","variableQuery":"select projectKey from projects;","includeAllOption":false,"multiValue":false,"variableCollectionName":"table","showInChart":true,"index":0,"projectKey":"ted"}],"moved":false,"config":[{"MetricName":"Enter metric name here","datasource":"sonarqube","DatabaseFormat":"table","document":"","startdate":null,"enddate":null,"steptimeseries":"","DatabaseQuery":"select value as 'Lines Of Code' from metrichistory where metricname='ncloc' AND projectKey IN ($Application$)  order by id DESC LIMIT 1","columnName":"","aggrigation":"SingleStatChartPanel","queryDatadiv":false,"colums":["Lines Of Code"],"seriesColor":"#FF5757FF","ActivateMetricdiv":false,"Activateheaderdiv":true,"yAxisName":null,"seriesType":null,"projectKey":"ted","columName":"Lines Of Code"}],"categories":["Devops","Project Management"],"uniqueName":"lines_of_code_sonarqube"}