{"formulas":[],"alert":false,"settings":{"Strockcolor":[],"yAxisSettings":[{"axisName":"Response Time (ms)","axisType":"Value","axisMin":"0","renderOpposite":true},{"axisName":"No. of Users","axisType":"Value","axisMin":0,"axisMax":null}],"seriesConfig":{"AvgResponseTime":{"yAxisName":"Response Time (ms)","seriesType":"line"},"MaxResponseTime":{"yAxisName":"Response Time (ms)","seriesType":"line"},"Users":{"yAxisName":"No. of Users","seriesType":"line"}},"thresholdArray":[],"chartTitle":"No Of Users Vs Response Times","chartDescription":"This chart plots the average and maximum API response times for max number of users across a timeline. It helps the user identify anomalies in response times.","areaFill":true,"legendPosition":"bottom","datetimeAxis":true},"alerts":[],"_id":"60d5e1d8613dc200390090d8","x":0,"y":30,"w":6,"h":9,"i":"9759","c":"TrendLinesChart","variables":[{"customValues":["Advisor CPR UI ","Advisor RateCard UI ","Advisor Proposal UI HTTP2","Advisor DM Order UI","Advisor RateCard API"],"lableName":"Tests","selectedVariable":"query","selectedVariableDatasource":"blazemeter","variableRegex":"","variableQuery":"select testName from tests order by lastRunTime desc limit 5;","includeAllOption":false,"multiValue":false,"variableCollectionName":"table","showInChart":true,"index":0,"projectKey":"ted"},{"customValues":[],"lableName":"TestRuns","selectedVariable":"query","selectedVariableDatasource":"blazemeter","variableQuery":"select masterId from testruns where mastername IN ($Tests$) ORDER BY created DESC LIMIT 10;","includeAllOption":false,"multiValue":false,"variableCollectionName":"table","showInChart":true,"index":1,"projectKey":"ted"}],"moved":false,"config":[{"MetricName":"AvgResponseTime","datasource":"blazemeter","DatabaseFormat":"table","document":"","startdate":null,"enddate":null,"steptimeseries":"","DatabaseQuery":"SELECT round(tl.avgRestime) AS AvgResponseTime, DATE_FORMAT(created,'%Y-%m-%d %H:%i') AS metric\nFROM testrunstimelogs tl\nWHERE tl.masterId IN($TestRuns$) \nORDER BY created ASC;","columnName":"","aggrigation":"Trend Chart","queryDatadiv":true,"colums":["AvgResponseTime"],"seriesColor":"#FF5757FF","ActivateMetricdiv":false,"Activateheaderdiv":true,"yAxisName":"Response Time (ms)","seriesType":"line","projectKey":"ted","columName":"AvgResponseTime"},{"MetricName":"MaxResponseTime","datasource":"blazemeter","document":"","startdate":null,"enddate":null,"steptimeseries":"","DatabaseFormat":"table","query":"","columnName":"","aggrigation":"Trend Chart","queryDatadiv":true,"colums":["MaxResponseTime"],"seriesColor":"#FF5757FF","ActivateMetricdiv":false,"Activateheaderdiv":true,"yAxisName":"Response Time (ms)","seriesType":"line","DatabaseQuery":"SELECT round(tl.maxRestime) AS MaxResponseTime, DATE_FORMAT(created,'%Y-%m-%d %H:%i') AS metric\nFROM testrunstimelogs tl \nWHERE tl.masterId IN($TestRuns$) \nORDER BY created ASC;","columName":"MaxResponseTime","projectKey":"ted"},{"MetricName":"Enter metric name here","datasource":"blazemeter","document":"","startdate":null,"enddate":null,"steptimeseries":"","DatabaseFormat":"table","query":"","columnName":"","aggrigation":"Trend Chart","queryDatadiv":true,"colums":["Users"],"seriesColor":"#FF5757FF","ActivateMetricdiv":false,"Activateheaderdiv":true,"yAxisName":"No. of Users","seriesType":"line","DatabaseQuery":"SELECT noofusers AS Users , DATE_FORMAT(created,'%Y-%m-%d %H:%i') AS metric\nFROM testrunstimelogs \nWHERE masterId IN ($TestRuns$)\nORDER BY created asc;","columName":"Users","projectKey":"ted"}],"categories":["QA"],"uniqueName":"no_of_users_vs_response_times_blazemeter"}