{"formulas":[],"alert":false,"settings":{"Strockcolor":[],"yAxisSettings":[{"axisName":"default ValueAxis","axisType":"Value"}],"seriesConfig":{"count":{"yAxisName":null,"seriesType":"bar"}},"thresholdArray":[],"chartTitle":"Production Bugs - Monthly"},"alerts":[],"_id":"60d222b144379b003b55f536","x":0,"y":20,"w":3,"h":7,"i":"4600","c":"TrendLinesChart","variables":[],"moved":false,"config":[{"MetricName":"Enter metric name here","datasource":"jira","DatabaseFormat":"table","document":"","startdate":null,"enddate":null,"steptimeseries":"","DatabaseQuery":" SELECT count(*) as count,DATE_FORMAT(created, \"%M %Y\") as metric FROM issues where environment=\"prod\" \n group by monthname(created) order by created desc;","columnName":"","aggrigation":"Trend Chart","queryDatadiv":true,"colums":["count","metric"],"seriesColor":"#FF5757FF","ActivateMetricdiv":false,"Activateheaderdiv":true,"yAxisName":null,"seriesType":"bar","columName":"count","projectKey":"ted"}],"categories":["Devops","Project Management"],"uniqueName":"production_bugs__monthly_jira"}