{"formulas":[],"alert":false,"settings":{"Strockcolor":["#FF0000FF"],"yAxisSettings":[{"axisName":"default ValueAxis","axisType":"Value"}],"seriesConfig":{"undefined":{"yAxisName":null,"seriesType":null}},"thresholdArray":[],"chartTitle":"pull requests open","chartDescription":"pull requests open"},"alerts":[],"_id":"60d1f5360147ff0039ba3f5e","x":4,"y":57,"w":3,"h":3,"i":"3363","c":"SingleStatChartPanel","variables":[],"moved":false,"config":[{"MetricName":"Enter metric name here","datasource":"gitlab","DatabaseFormat":"table","document":"","startdate":null,"enddate":null,"steptimeseries":"","DatabaseQuery":"SELECT count(*) as openCount FROM mergerequests where state = \"opened\" ;","columnName":"","aggrigation":"SingleStatChartPanel","queryDatadiv":true,"colums":["openCount"],"seriesColor":"#FF0000FF","ActivateMetricdiv":false,"Activateheaderdiv":true,"yAxisName":null,"seriesType":null,"columName":"openCount","projectKey":"ted"}],"categories":["Project Management"],"uniqueName":"pull_requests_open_gitlab"}