{"formulas":[],"alert":false,"settings":{"Strockcolor":[],"yAxisSettings":[{"axisName":"default ValueAxis","axisType":"Value"}],"seriesConfig":{"undefined":{"yAxisName":null,"seriesType":null}},"thresholdArray":[],"chartTitle":"Quality - Static Analysis ","chartDescription":"Quality - Static Analysis "},"alerts":[],"_id":"60cf728ddf4c470038b9c008","x":0,"y":51,"w":3,"h":6,"i":"2887","c":"Piechart","variables":[],"config":[{"MetricName":"Enter metric name here","datasource":"sonarqube","DatabaseFormat":"table","document":"","startdate":null,"enddate":null,"steptimeseries":"","DatabaseQuery":"SELECT  COUNT(*) AS count,severity  FROM issues WHERE TYPE='CODE_SMELL'\nGROUP BY severity;","columnName":"","aggrigation":"PieChart","queryDatadiv":true,"colums":["Series"],"seriesColor":"#FF5757FF","ActivateMetricdiv":false,"Activateheaderdiv":true,"yAxisName":null,"seriesType":null,"columName":"Series","projectKey":"ted"}],"moved":false,"categories":["Devops","Project Management"],"uniqueName":"quality__static_analysis_sonarqube"}