{"formulas":[],"alert":false,"settings":{"Strockcolor":[],"yAxisSettings":[{"axisName":"default ValueAxis","axisType":"Value"}],"seriesConfig":{"undefined":{"yAxisName":null,"seriesType":null}},"thresholdArray":[],"chartTitle":"Quality - Security Analysis ","chartDescription":"Quality - Security Analysis "},"alerts":[],"_id":"60cf752af4ff5f00391f52c5","x":8,"y":7,"w":4,"h":7,"i":"8580","c":"TablerChart","variables":[],"moved":false,"config":[{"MetricName":"Enter metric name here","datasource":"sonarqube","DatabaseFormat":"table","document":"","startdate":null,"enddate":null,"steptimeseries":"","DatabaseQuery":"SELECT  severity,0 AS total  FROM issues \nGROUP BY severity;","columnName":"","aggrigation":"TabularData","queryDatadiv":true,"colums":["Apply"],"seriesColor":"#FF5757FF","ActivateMetricdiv":false,"Activateheaderdiv":true,"yAxisName":null,"seriesType":null,"columName":"Apply","projectKey":"ted"}],"categories":["Devops","Project Management"],"uniqueName":"quality__security_analysis_sonarqube"}