{"formulas":[],"alert":false,"settings":{"Strockcolor":[],"yAxisSettings":[{"axisName":"default ValueAxis","axisType":"Value"}],"seriesConfig":{"Code Smells":{"yAxisName":null,"seriesType":null},"Coverage":{"yAxisName":null,"seriesType":null},"Bugs":{"yAxisName":null,"seriesType":null},"Vulnerabilities":{"yAxisName":null,"seriesType":null},"undefined":{"yAxisName":null,"seriesType":null}},"thresholdArray":[],"chartTitle":"Quality Summary","chartDescription":"Quality Summary"},"alerts":[{"channels":null,"_id":"60d1c36d1fe1190038fcb9d9","name":null,"query":null,"timeFrequency":null,"condition":null,"value":null,"column":null,"message":null,"metricName":null,"function":null}],"_id":"60d1bb52f02aeb003b49cff4","x":10,"y":0,"w":2,"h":9,"i":"2879","c":"SingleStatChartPanel","variables":[{"customValues":["TED-Backend","TED-UI"],"lableName":"Application","selectedVariable":"query","selectedVariableDatasource":"sonarqube","variableRegex":"","variableQuery":"SELECT projectname FROM projects ORDER BY projectName ASC;","includeAllOption":false,"multiValue":false,"variableCollectionName":"table","showInChart":true,"index":0,"projectKey":"ted"}],"moved":false,"config":[{"MetricName":"Code Smells","datasource":"sonarqube","DatabaseFormat":"table","document":"","startdate":null,"enddate":null,"steptimeseries":"","DatabaseQuery":"SELECT value AS 'Code Smells' FROM metrichistory WHERE metricname='code_smells' \nAND projectKey IN($Application$) order by created DESC LIMIT 1;","columnName":"","aggrigation":"SingleStatChartPanel","queryDatadiv":true,"colums":["Code Smells"],"seriesColor":"#FF5757FF","ActivateMetricdiv":false,"Activateheaderdiv":true,"yAxisName":null,"seriesType":null,"projectKey":"ted","columName":"Code Smells"},{"MetricName":"Code Coverage","datasource":"sonarqube","document":"","startdate":null,"enddate":null,"steptimeseries":"","DatabaseFormat":"table","query":"","columnName":"","aggrigation":"SingleStatChartPanel","queryDatadiv":true,"colums":["Coverage"],"seriesColor":"#FF5757FF","ActivateMetricdiv":false,"Activateheaderdiv":true,"yAxisName":null,"seriesType":null,"DatabaseQuery":"SELECT value AS 'Coverage' FROM metrichistory WHERE metricname='coverage' \nAND projectKey IN($Application$) order by created DESC LIMIT 1;","columName":"Coverage","projectKey":"ted"},{"MetricName":"Bugs","datasource":"sonarqube","document":"","startdate":null,"enddate":null,"steptimeseries":"","DatabaseFormat":"table","query":"","columnName":"","aggrigation":"SingleStatChartPanel","queryDatadiv":true,"colums":["Bugs"],"seriesColor":"#FF5757FF","ActivateMetricdiv":false,"Activateheaderdiv":true,"yAxisName":null,"seriesType":null,"DatabaseQuery":"SELECT count(*) as 'Bugs' from issues\nWHERE type='BUG'   and projectKey IN($Application$)","columName":"Bugs","projectKey":"ted"},{"MetricName":"Vulnerabilities","datasource":"sonarqube","document":"","startdate":null,"enddate":null,"steptimeseries":"","DatabaseFormat":"table","query":"","columnName":"","aggrigation":"SingleStatChartPanel","queryDatadiv":true,"colums":["Vulnerabilities"],"seriesColor":"#FF5757FF","ActivateMetricdiv":false,"Activateheaderdiv":true,"yAxisName":null,"seriesType":null,"DatabaseQuery":"SELECT count(*) as 'Vulnerabilities' from issues\nWHERE type='VULNERABILITY'   and projectKey IN($Application$)","columName":"Vulnerabilities","projectKey":"ted"},{"MetricName":"Lines Of Code","datasource":"sonarqube","document":"","startdate":null,"enddate":null,"steptimeseries":"","DatabaseFormat":"table","query":"","columnName":"","aggrigation":"SingleStatChartPanel","queryDatadiv":true,"colums":["Lines Of Code"],"seriesColor":"#FF5757FF","ActivateMetricdiv":false,"Activateheaderdiv":true,"yAxisName":null,"seriesType":null,"DatabaseQuery":"SELECT value AS 'Lines Of Code' FROM metrichistory WHERE metricname='ncloc' \nAND projectKey IN($Application$) order by created DESC LIMIT 1;","columName":"Lines Of Code","projectKey":"ted"}],"categories":["Project Management"],"uniqueName":"quality_summary_sonarqube"}