{"formulas":[],"alert":false,"settings":{"Strockcolor":[],"yAxisSettings":[{"axisName":"default ValueAxis","axisType":"Value"}],"seriesConfig":{"undefined":{"yAxisName":null,"seriesType":null}},"thresholdArray":[],"chartTitle":"Technical Debt","chartDescription":"Technical Debt"},"alerts":[],"_id":"60d0ca200a0dce0039822a58","x":3,"y":47,"w":3,"h":4,"i":"7218","c":"SingleStatChartPanel","variables":[],"moved":false,"config":[{"MetricName":"Enter metric name here","datasource":"sonarqube","DatabaseFormat":"table","document":"","startdate":null,"enddate":null,"steptimeseries":"","DatabaseQuery":"SELECT CONCAT(days,' ',  hours) AS 'Technical Debt' FROM(\nSELECT CONCAT(SUBSTRING(total, '1', 1),' days') AS days,  CONCAT(\nSUBSTRING(total, '3', 1), ' hrs') AS hours\n FROM(\nSELECT (SUM(CONVERT((REPLACE(effort, 'min', '')),UNSIGNED INTEGER)))/1440 AS total \nFROM issues ) \nAS t1) AS t2","columnName":"","aggrigation":"SingleStatChartPanel","queryDatadiv":true,"colums":["Technical Debt"],"seriesColor":"#FF5757FF","ActivateMetricdiv":false,"Activateheaderdiv":true,"yAxisName":null,"seriesType":null,"columName":"Technical Debt","projectKey":"ted"}],"categories":["Devops","Project Management"],"uniqueName":"technical_debt_sonarqube"}