{"formulas":[],"alert":false,"settings":{"Strockcolor":[],"yAxisSettings":[{"axisName":"default ValueAxis","axisType":"Value"}],"seriesConfig":{"Today":{"yAxisName":null,"seriesType":null},"Last 7 days":{"yAxisName":null,"seriesType":null}},"thresholdArray":[],"chartTitle":"Total Contributors","chartDescription":"Total Contributors"},"alerts":[],"_id":"60cf7ba90f95290039e6411f","x":3,"y":27,"w":3,"h":7,"i":"8787","c":"SingleStatChartPanel","variables":[],"moved":false,"config":[{"MetricName":"Enter metric name here","datasource":"gitlab","DatabaseFormat":"table","document":"","startdate":null,"enddate":null,"steptimeseries":"","DatabaseQuery":" SELECT count(*) as 'Today' from (\n   SELECT COUNT(*) AS 'Today' FROM commits WHERE  DATE(committedDate)=DATE(NOW()) GROUP BY committerEmail) as t1","columnName":"","aggrigation":"SingleStatChartPanel","queryDatadiv":true,"colums":["Today"],"seriesColor":"#FF5757FF","ActivateMetricdiv":false,"Activateheaderdiv":true,"yAxisName":null,"seriesType":null,"columName":"Today","projectKey":"ted"},{"MetricName":"Enter metric name here","datasource":"gitlab","document":"","startdate":null,"enddate":null,"steptimeseries":"","DatabaseFormat":"table","query":"","columnName":"","aggrigation":"SingleStatChartPanel","queryDatadiv":true,"colums":["Last 7 days"],"seriesColor":"#FF5757FF","ActivateMetricdiv":false,"Activateheaderdiv":true,"yAxisName":null,"seriesType":null,"DatabaseQuery":"SELECT count(*) as 'Last 7 days' FROM( \n  SELECT COUNT(*) AS  total  \n  FROM commits WHERE DATE(committedDate)>(NOW() - INTERVAL 7 DAY) GROUP BY committerEmail) as t1;","columName":"Last 7 days","projectKey":"ted"},{"MetricName":"Enter metric name here","datasource":"gitlab","document":"","startdate":null,"enddate":null,"steptimeseries":"","DatabaseFormat":"table","query":"","columnName":"","aggrigation":"SingleStatChartPanel","queryDatadiv":true,"colums":["Last 7 days"],"seriesColor":"#FF5757FF","ActivateMetricdiv":false,"Activateheaderdiv":true,"yAxisName":null,"seriesType":null,"DatabaseQuery":"SELECT count(*) as 'Last 7 days' FROM (\n  SELECT COUNT(*) AS  'total' FROM commits WHERE DATE(committedDate)>(NOW() - INTERVAL 30 DAY) GROUP BY committerEmail)\n  as t1;","columName":"Last 7 days","projectKey":"ted"}],"categories":["Devops","Project Management"],"uniqueName":"total_contributors_gitlab"}