{"formulas":[],"alert":false,"settings":{"Strockcolor":[],"yAxisSettings":[{"axisName":"default ValueAxis","axisType":"Value"}],"seriesConfig":{"Today":{"yAxisName":null,"seriesType":null},"Last 7 days":{"yAxisName":null,"seriesType":null},"Last 30 days":{"yAxisName":null,"seriesType":null}},"thresholdArray":[],"chartTitle":"Total  Builds","chartDescription":"Total  Builds"},"alerts":[],"_id":"60cb81ffb6d265003a4e7edc","x":6,"y":7,"w":2,"h":7,"i":"8261","c":"SingleStatChartPanel","variables":[],"moved":false,"config":[{"MetricName":"Total","datasource":"gitlab","DatabaseFormat":"table","document":"","startdate":null,"enddate":null,"steptimeseries":"","DatabaseQuery":"SELECT COUNT(*) AS 'Today' FROM jobs WHERE stage='build' AND DATE(createdOn)=DATE(NOW())","columnName":"","aggrigation":"SingleStatChartPanel","queryDatadiv":true,"colums":["Today"],"seriesColor":"#FF5757FF","ActivateMetricdiv":false,"Activateheaderdiv":true,"yAxisName":null,"seriesType":null,"columName":"Today","projectKey":"ted"},{"MetricName":"Last 7 days Builds","datasource":"gitlab","document":"","startdate":null,"enddate":null,"steptimeseries":"","DatabaseFormat":"table","query":"","columnName":"","aggrigation":"SingleStatChartPanel","queryDatadiv":true,"colums":["Last 7 days"],"seriesColor":"#FF5757FF","ActivateMetricdiv":false,"Activateheaderdiv":true,"yAxisName":null,"seriesType":null,"DatabaseQuery":"SELECT COUNT(*) AS 'Last 7 days' FROM jobs WHERE stage='build' AND  DATE(createdOn) > (NOW() - INTERVAL 7 DAY)","columName":"Last 7 days","projectKey":"ted"},{"MetricName":"Enter metric name here","datasource":"gitlab","document":"","startdate":null,"enddate":null,"steptimeseries":"","DatabaseFormat":"table","query":"","columnName":"","aggrigation":"SingleStatChartPanel","queryDatadiv":true,"colums":["Last 30 days"],"seriesColor":"#FF5757FF","ActivateMetricdiv":false,"Activateheaderdiv":true,"yAxisName":null,"seriesType":null,"DatabaseQuery":"SELECT COUNT(*) AS 'Last 30 days' FROM jobs WHERE stage='build' AND  DATE(createdOn) > (NOW() - INTERVAL 30 DAY)","columName":"Last 30 days","projectKey":"ted"}],"categories":["Devops","Project Management"],"uniqueName":"total_builds_gitlab"}