{"formulas":[],"alert":false,"settings":{"Strockcolor":[],"yAxisSettings":[{"axisName":"default ValueAxis","axisType":"Value"}],"seriesConfig":{"Today":{"yAxisName":null,"seriesType":null},"Last 7 days":{"yAxisName":null,"seriesType":null},"undefined":{"yAxisName":null,"seriesType":null}},"thresholdArray":[],"chartTitle":"Total Commits","chartDescription":"Total Commits"},"alerts":[],"_id":"60cf7b136d4076003b3691a2","x":6,"y":14,"w":6,"h":4,"i":"5292","c":"SingleStatChartPanel","variables":[],"moved":false,"config":[{"MetricName":"Enter metric name here","datasource":"gitlab","DatabaseFormat":"table","document":"","startdate":null,"enddate":null,"steptimeseries":"","DatabaseQuery":"SELECT COUNT(*) AS 'Today' FROM commits WHERE DATE(committedDate)=DATE(NOW());","columnName":"","aggrigation":"SingleStatChartPanel","queryDatadiv":true,"colums":["Today"],"seriesColor":"#FF5757FF","ActivateMetricdiv":false,"Activateheaderdiv":true,"yAxisName":null,"seriesType":null,"columName":"Today","projectKey":"ted"},{"MetricName":"Enter metric name here","datasource":"gitlab","document":"","startdate":null,"enddate":null,"steptimeseries":"","DatabaseFormat":"table","query":"","columnName":"","aggrigation":"SingleStatChartPanel","queryDatadiv":true,"colums":["Last 7 days"],"seriesColor":"#FF5757FF","ActivateMetricdiv":false,"Activateheaderdiv":true,"yAxisName":null,"seriesType":null,"DatabaseQuery":"SELECT COUNT(*) AS  'Last 7 days'  FROM commits WHERE DATE(committedDate)>(NOW() - INTERVAL 7 DAY);","columName":"Last 7 days","projectKey":"ted"},{"MetricName":"Enter metric name here","datasource":"gitlab","document":"","startdate":null,"enddate":null,"steptimeseries":"","DatabaseFormat":"table","query":"","columnName":"","aggrigation":"SingleStatChartPanel","queryDatadiv":true,"colums":["Last 30 days"],"seriesColor":"#FF5757FF","ActivateMetricdiv":false,"Activateheaderdiv":true,"yAxisName":null,"seriesType":null,"DatabaseQuery":"SELECT COUNT(*) AS  'Last 30 days' FROM commits WHERE DATE(committedDate)>(NOW() - INTERVAL 30 DAY);","columName":"Last 30 days","projectKey":"ted"}],"categories":["Devops","Project Management"],"uniqueName":"total_commits_gitlab"}